{
  "name": "lessfog",
  "title": "Less Fog",
  "description": "This module allows adjustments to the appearance of the FOW.",
  "version": "0.6.9",
  "minimumCoreVersion": "0.6.1",
  "compatibleCoreVersion": "0.6.6",
  "author": "trdischat",
  "esmodules": ["lessfog.js"],
  "url": "https://github.com/trdischat/lessfog",
  "manifest": "https://github.com/trdischat/lessfog/releases/download/0.6.9/module.json",
  "download": "https://github.com/trdischat/lessfog/releases/download/0.6.9/module.zip"
}
